<?xml version="1.0" encoding="UTF-8"?>
 
<!DOCTYPE hibernate-configuration PUBLIC
     "-//Hibernate/Hibernate Configuration DTD 3.0//EN"
    "http://hibernate.sourceforge.net/hibernate-configuration-3.0.dtd">

<hibernate-configuration>
	<session-factory>

		<!-- Paramètres de connexion à la base de données -->
		<property name="hibernate.dialect">org.hibernate.dialect.MySQLDialect</property>
		<property name="hibernate.connection.driver_class">com.mysql.jdbc.Driver</property>
		<property name="hibernate.connection.url">jdbc:mysql://localhost:3306/projetS3</property>
		<property name="hibernate.connection.username">root</property>
		<property name="hibernate.connection.password">root</property>

		<!-- Comportement pour la conservation des tables -->
		<property name="hbm2ddl.auto">update</property>

		<!-- Affiche les logs SQL -
		<property name="show_sql">true</property>
		<property name="hibernate.format_sql">true</property>
		<property name="use_sql_comments">true</property>
		-->
		<!-- Mapping -->
		<mapping class="com.projetS3.jpa.Compte" />
		<mapping class="com.projetS3.jpa.Personne" />
		<mapping class="com.projetS3.jpa.Admin" />
		<mapping class="com.projetS3.jpa.Client" />
		<mapping class="com.projetS3.jpa.Transporteur" />
		<mapping class="com.projetS3.jpa.Offre" />
		<mapping class="com.projetS3.jpa.OffreCovoiturage" />
		<mapping class="com.projetS3.jpa.OffreTransportDuBien" />
		<mapping class="com.projetS3.jpa.Reservation" />
	</session-factory>
</hibernate-configuration>
